File,Title,Meta Description
file1.html,Title for file1.html,Meta description for Title for file1.html
file2.html,Title for file2.html,Meta description for Title for file2.html
file3.html,Title for file3.html,Meta description for Title for file3.html
file4.html,Title for file4.html,Meta description for Title for file4.html
file5.html,Title for file5.html,Meta description for Title for file5.html
file6.html,Title for file6.html,Meta description for Title for file6.html
file7.html,Title for file7.html,Meta description for Title for file7.html
file8.html,Title for file8.html,Meta description for Title for file8.html
file9.html,Title for file9.html,Meta description for Title for file9.html
file10.html,Title for file10.html,Meta description for Title for file10.html